"Región";"Departamento";"Municipio";"Devengado"
"REGIÓN I METROPOLITANA";"GUATEMALA";"AMATITLAN";"34726289.52"
"REGIÓN I METROPOLITANA";"GUATEMALA";"CHINAUTLA";"19576458.84"
"REGIÓN I METROPOLITANA";"GUATEMALA";"CHUARRANCHO";"6147686.1"
"REGIÓN I METROPOLITANA";"GUATEMALA";"FRAIJANES";"18923423.1"
"REGIÓN I METROPOLITANA";"GUATEMALA";"GUATEMALA";"2352732308.27"
"REGIÓN I METROPOLITANA";"GUATEMALA";"MIXCO";"56638131.63"
"REGIÓN I METROPOLITANA";"GUATEMALA";"MULTIMUNICIPAL";"352168655.1"
"REGIÓN I METROPOLITANA";"GUATEMALA";"PALENCIA";"13435677.72"
"REGIÓN I METROPOLITANA";"GUATEMALA";"PETAPA";"18102428.47"
"REGIÓN I METROPOLITANA";"GUATEMALA";"SAN JOSE DEL GOLFO";"9107355.65"
"REGIÓN I METROPOLITANA";"GUATEMALA";"SAN JOSE PINULA";"16203062.84"
"REGIÓN I METROPOLITANA";"GUATEMALA";"SAN JUAN SACATEPEQUEZ";"48992623.55"
"REGIÓN I METROPOLITANA";"GUATEMALA";"SAN PEDRO AYAMPUC";"11045511.85"
"REGIÓN I METROPOLITANA";"GUATEMALA";"SAN PEDRO SACATEPEQUEZ";"10625025.26"
"REGIÓN I METROPOLITANA";"GUATEMALA";"SAN RAYMUNDO";"9146661.6"
"REGIÓN I METROPOLITANA";"GUATEMALA";"SANTA CATARINA PINULA";"21797014.09"
"REGIÓN I METROPOLITANA";"GUATEMALA";"VILLA CANALES";"23586337.96"
"REGIÓN I METROPOLITANA";"GUATEMALA";"VILLA NUEVA";"88037901.85"
"REGIÓN II NORTE";"MULTIDEPARTAMENTAL REGION II";"MULTIDEPARTAMENTAL REGION II";"0"
"REGIÓN II NORTE";"BAJA VERAPAZ";"CUBULCO";"15976690.2"
"REGIÓN II NORTE";"BAJA VERAPAZ";"EL CHOL";"6383638.8"
"REGIÓN II NORTE";"BAJA VERAPAZ";"GRANADOS";"8159437.16"
"REGIÓN II NORTE";"BAJA VERAPAZ";"MULTIMUNICIPAL";"18605844.89"
"REGIÓN II NORTE";"BAJA VERAPAZ";"PURULHA";"12132726.21"
"REGIÓN II NORTE";"BAJA VERAPAZ";"RABINAL";"13386460.46"
"REGIÓN II NORTE";"BAJA VERAPAZ";"SALAMA";"48896166.47"
"REGIÓN II NORTE";"BAJA VERAPAZ";"SAN JERONIMO";"8732830.26"
"REGIÓN II NORTE";"BAJA VERAPAZ";"SAN MIGUEL CHICAJ";"8941814.67"
"REGIÓN II NORTE";"ALTA VERAPAZ";"CAHABON";"19784281.27"
"REGIÓN II NORTE";"ALTA VERAPAZ";"CHAHAL";"9275626.75"
"REGIÓN II NORTE";"ALTA VERAPAZ";"CHISEC";"19129751.41"
"REGIÓN II NORTE";"ALTA VERAPAZ";"COBAN";"82352304.09"
"REGIÓN II NORTE";"ALTA VERAPAZ";"FRAY BARTOLOME DE LAS CASAS";"19394861.99"
"REGIÓN II NORTE";"ALTA VERAPAZ";"LANQUIN";"8065180.49"
"REGIÓN II NORTE";"ALTA VERAPAZ";"MULTIMUNICIPAL";"32828032.11"
"REGIÓN II NORTE";"ALTA VERAPAZ";"PANZOS";"16529682.7"
"REGIÓN II NORTE";"ALTA VERAPAZ";"RAXRUHA";"10045270.6"
"REGIÓN II NORTE";"ALTA VERAPAZ";"SAN CRISTOBAL VERAPAZ";"16147977.19"
"REGIÓN II NORTE";"ALTA VERAPAZ";"SAN JUAN CHAMELCO";"14305263.69"
"REGIÓN II NORTE";"ALTA VERAPAZ";"SAN PEDRO CARCHA";"47145234.1"
"REGIÓN II NORTE";"ALTA VERAPAZ";"SANTA CATALINA LA TINTA";"12325670.8"
"REGIÓN II NORTE";"ALTA VERAPAZ";"SANTA CRUZ VERAPAZ";"11095927.79"
"REGIÓN II NORTE";"ALTA VERAPAZ";"SENAHU";"17387575.43"
"REGIÓN II NORTE";"ALTA VERAPAZ";"TACTIC";"10141467.7"
"REGIÓN II NORTE";"ALTA VERAPAZ";"TAMAHU";"6762779.56"
"REGIÓN II NORTE";"ALTA VERAPAZ";"TUCURU";"11095972.64"
"REGIÓN III NORORIENTE";"IZABAL";"EL ESTOR";"19960611.08"
"REGIÓN III NORORIENTE";"IZABAL";"LIVINGSTON";"17912167.77"
"REGIÓN III NORORIENTE";"IZABAL";"LOS AMATES";"17487604.2"
"REGIÓN III NORORIENTE";"IZABAL";"MORALES";"24316494.71"
"REGIÓN III NORORIENTE";"IZABAL";"MULTIMUNICIPAL";"14654165.01"
"REGIÓN III NORORIENTE";"IZABAL";"PUERTO BARRIOS";"69909363.96"
"REGIÓN III NORORIENTE";"ZACAPA";"CABAÑAS";"6156391.55"
"REGIÓN III NORORIENTE";"ZACAPA";"ESTANZUELA";"5905619.5"
"REGIÓN III NORORIENTE";"ZACAPA";"GUALAN";"16547166.48"
"REGIÓN III NORORIENTE";"ZACAPA";"HUITE";"5641368.74"
"REGIÓN III NORORIENTE";"ZACAPA";"LA UNION";"8498655.28"
"REGIÓN III NORORIENTE";"ZACAPA";"MULTIMUNICIPAL";"23822974.52"
"REGIÓN III NORORIENTE";"ZACAPA";"RIO HONDO";"9012896.82"
"REGIÓN III NORORIENTE";"ZACAPA";"SAN DIEGO";"4703064"
"REGIÓN III NORORIENTE";"ZACAPA";"SAN JORGE";"4549172.82"
"REGIÓN III NORORIENTE";"ZACAPA";"TECULUTAN";"7275057.85"
"REGIÓN III NORORIENTE";"ZACAPA";"USUMATLAN";"5423514.69"
"REGIÓN III NORORIENTE";"ZACAPA";"ZACAPA";"48488871.61"
"REGIÓN III NORORIENTE";"CHIQUIMULA";"CAMOTAN";"14342259.08"
"REGIÓN III NORORIENTE";"CHIQUIMULA";"CHIQUIMULA";"47427995.54"
"REGIÓN III NORORIENTE";"CHIQUIMULA";"CONCEPCION LAS MINAS";"6149737.61"
"REGIÓN III NORORIENTE";"CHIQUIMULA";"ESQUIPULAS";"14400874.36"
"REGIÓN III NORORIENTE";"CHIQUIMULA";"IPALA";"10327112.62"
"REGIÓN III NORORIENTE";"CHIQUIMULA";"JOCOTAN";"15033716.41"
"REGIÓN III NORORIENTE";"CHIQUIMULA";"MULTIMUNICIPAL";"32206214.53"
"REGIÓN III NORORIENTE";"CHIQUIMULA";"OLOPA";"8541195.84"
"REGIÓN III NORORIENTE";"CHIQUIMULA";"QUEZALTEPEQUE";"10296259.7"
"REGIÓN III NORORIENTE";"CHIQUIMULA";"SAN JACINTO";"5674458.19"
"REGIÓN III NORORIENTE";"CHIQUIMULA";"SAN JOSE LA ARADA";"4782138.55"
"REGIÓN III NORORIENTE";"CHIQUIMULA";"SAN JUAN ERMITA";"6690196.6"
"REGIÓN III NORORIENTE";"EL PROGRESO";"EL JICARO";"6039421.55"
"REGIÓN III NORORIENTE";"EL PROGRESO";"GUASTATOYA";"31173785.44"
"REGIÓN III NORORIENTE";"EL PROGRESO";"MORAZAN";"5997684.83"
"REGIÓN III NORORIENTE";"EL PROGRESO";"MULTIMUNICIPAL";"23799093.12"
"REGIÓN III NORORIENTE";"EL PROGRESO";"SAN AGUSTIN ACASAGUASTLAN";"12351288.47"
"REGIÓN III NORORIENTE";"EL PROGRESO";"SAN ANTONIO LA PAZ";"6629601.41"
"REGIÓN III NORORIENTE";"EL PROGRESO";"SAN CRISTOBAL ACASAGUASTLAN";"4792514.72"
"REGIÓN III NORORIENTE";"EL PROGRESO";"SANARATE";"11454841.72"
"REGIÓN III NORORIENTE";"EL PROGRESO";"SANSARE";"6624501.24"
"REGIÓN IV SURORIENTE";"MULTIDEPARTAMENTAL REGION IV";"MULTIDEPARTAMENTAL REGION IV";"0"
"REGIÓN IV SURORIENTE";"SANTA ROSA";"BARBERENA";"15358958.15"
"REGIÓN IV SURORIENTE";"SANTA ROSA";"CASILLAS";"8292558.91"
"REGIÓN IV SURORIENTE";"SANTA ROSA";"CHIQUIMULILLA";"16517584.32"
"REGIÓN IV SURORIENTE";"SANTA ROSA";"CUILAPA";"34158724.78"
"REGIÓN IV SURORIENTE";"SANTA ROSA";"GUAZACAPAN";"6949216.31"
"REGIÓN IV SURORIENTE";"SANTA ROSA";"MULTIMUNICIPAL";"19809328.27"
"REGIÓN IV SURORIENTE";"SANTA ROSA";"NUEVA SANTA ROSA";"10117364.44"
"REGIÓN IV SURORIENTE";"SANTA ROSA";"ORATORIO";"8711468.74"
"REGIÓN IV SURORIENTE";"SANTA ROSA";"PUEBLO NUEVO VIÑAS";"7410603.79"
"REGIÓN IV SURORIENTE";"SANTA ROSA";"SAN JUAN TECUACO";"5062558.85"
"REGIÓN IV SURORIENTE";"SANTA ROSA";"SAN RAFAEL LAS FLORES";"6386427.56"
"REGIÓN IV SURORIENTE";"SANTA ROSA";"SANTA CRUZ NARANJO";"6690522.44"
"REGIÓN IV SURORIENTE";"SANTA ROSA";"SANTA MARIA IXHUATAN";"8431344.29"
"REGIÓN IV SURORIENTE";"SANTA ROSA";"SANTA ROSA DE LIMA";"6887456.51"
"REGIÓN IV SURORIENTE";"SANTA ROSA";"TAXISCO";"19468842.7"
"REGIÓN IV SURORIENTE";"JALAPA";"JALAPA";"54067335.48"
"REGIÓN IV SURORIENTE";"JALAPA";"MATAQUESCUINTLA";"11134621.34"
"REGIÓN IV SURORIENTE";"JALAPA";"MONJAS";"10771813.98"
"REGIÓN IV SURORIENTE";"JALAPA";"MULTIMUNICIPAL";"19686337.48"
"REGIÓN IV SURORIENTE";"JALAPA";"SAN CARLOS ALZATATE";"6628771.64"
"REGIÓN IV SURORIENTE";"JALAPA";"SAN LUIS JILOTEPEQUE";"8462513.44"
"REGIÓN IV SURORIENTE";"JALAPA";"SAN MANUEL CHAPARRON";"4631396.79"
"REGIÓN IV SURORIENTE";"JALAPA";"SAN PEDRO PINULA";"15068269.27"
"REGIÓN IV SURORIENTE";"JUTIAPA";"AGUA BLANCA";"7900960"
"REGIÓN IV SURORIENTE";"JUTIAPA";"ASUNCION MITA";"14179752.9"
"REGIÓN IV SURORIENTE";"JUTIAPA";"ATESCATEMPA";"7545286.83"
"REGIÓN IV SURORIENTE";"JUTIAPA";"COMAPA";"9582044.46"
"REGIÓN IV SURORIENTE";"JUTIAPA";"CONGUACO";"7835160.38"
"REGIÓN IV SURORIENTE";"JUTIAPA";"EL ADELANTO";"4370530.38"
"REGIÓN IV SURORIENTE";"JUTIAPA";"EL PROGRESO";"9843535.81"
"REGIÓN IV SURORIENTE";"JUTIAPA";"JALPATAGUA";"9403172.76"
"REGIÓN IV SURORIENTE";"JUTIAPA";"JEREZ";"4742648.94"
"REGIÓN IV SURORIENTE";"JUTIAPA";"JUTIAPA";"60730773.06"
"REGIÓN IV SURORIENTE";"JUTIAPA";"MOYUTA";"14349802.56"
"REGIÓN IV SURORIENTE";"JUTIAPA";"MULTIMUNICIPAL";"45378030.44"
"REGIÓN IV SURORIENTE";"JUTIAPA";"PASACO";"5428174.61"
"REGIÓN IV SURORIENTE";"JUTIAPA";"QUESADA";"7164906.76"
"REGIÓN IV SURORIENTE";"JUTIAPA";"SAN JOSE ACATEMPA";"9202615.59"
"REGIÓN IV SURORIENTE";"JUTIAPA";"SANTA CATARINA MITA";"10072848.1"
"REGIÓN IV SURORIENTE";"JUTIAPA";"YUPILTEPEQUE";"6492850.15"
"REGIÓN IV SURORIENTE";"JUTIAPA";"ZAPOTITLAN";"5167356.8"
"REGIÓN V CENTRAL";"MULTIDEPARTAMENTAL REGION V";"MULTIDEPARTAMENTAL REGION V";"0"
"REGIÓN V CENTRAL";"SACATEPEQUEZ";"ALOTENANGO";"6052877.21"
"REGIÓN V CENTRAL";"SACATEPEQUEZ";"ANTIGUA GUATEMALA";"45149124.45"
"REGIÓN V CENTRAL";"SACATEPEQUEZ";"CIUDAD VIEJA";"7565928.06"
"REGIÓN V CENTRAL";"SACATEPEQUEZ";"JOCOTENANGO";"6907224.67"
"REGIÓN V CENTRAL";"SACATEPEQUEZ";"MAGDALENA MILPAS ALTAS";"4526846.31"
"REGIÓN V CENTRAL";"SACATEPEQUEZ";"MULTIMUNICIPAL";"22841012.88"
"REGIÓN V CENTRAL";"SACATEPEQUEZ";"PASTORES";"6438330.44"
"REGIÓN V CENTRAL";"SACATEPEQUEZ";"SAN ANTONIO AGUAS CALIENTES";"4475748.33"
"REGIÓN V CENTRAL";"SACATEPEQUEZ";"SAN BARTOLOME MILPAS ALTAS";"4899202.35"
"REGIÓN V CENTRAL";"SACATEPEQUEZ";"SAN LUCAS SACATEPEQUEZ";"12310670.42"
"REGIÓN V CENTRAL";"SACATEPEQUEZ";"SAN MIGUEL DUEÑAS";"5650543.13"
"REGIÓN V CENTRAL";"SACATEPEQUEZ";"SANTA CATARINA BARAHONA";"4879279.4"
"REGIÓN V CENTRAL";"SACATEPEQUEZ";"SANTA LUCIA MILPAS ALTAS";"6924280.25"
"REGIÓN V CENTRAL";"SACATEPEQUEZ";"SANTA MARIA DE JESUS";"5206740.12"
"REGIÓN V CENTRAL";"SACATEPEQUEZ";"SANTIAGO SACATEPEQUEZ";"7987653"
"REGIÓN V CENTRAL";"SACATEPEQUEZ";"SANTO DOMINGO XENACOJ";"4880850.22"
"REGIÓN V CENTRAL";"SACATEPEQUEZ";"SUMPANGO";"9131057.72"
"REGIÓN V CENTRAL";"CHIMALTENANGO";"ACATENANGO";"6500402.52"
"REGIÓN V CENTRAL";"CHIMALTENANGO";"CHIMALTENANGO";"41548365.57"
"REGIÓN V CENTRAL";"CHIMALTENANGO";"COMALAPA";"10583141.42"
"REGIÓN V CENTRAL";"CHIMALTENANGO";"EL TEJAR";"5945047.53"
"REGIÓN V CENTRAL";"CHIMALTENANGO";"MULTIMUNICIPAL";"44274006.82"
"REGIÓN V CENTRAL";"CHIMALTENANGO";"PARRAMOS";"4503685.46"
"REGIÓN V CENTRAL";"CHIMALTENANGO";"PATZICIA";"7302425.98"
"REGIÓN V CENTRAL";"CHIMALTENANGO";"PATZUN";"11566642.32"
"REGIÓN V CENTRAL";"CHIMALTENANGO";"POCHUTA";"4787334.4"
"REGIÓN V CENTRAL";"CHIMALTENANGO";"SAN ANDRES ITZAPA";"6943021.33"
"REGIÓN V CENTRAL";"CHIMALTENANGO";"SAN JOSE POAQUIL";"7669868.03"
"REGIÓN V CENTRAL";"CHIMALTENANGO";"SAN MARTIN JILOTEPEQUE";"18134492.65"
"REGIÓN V CENTRAL";"CHIMALTENANGO";"SANTA APOLONIA";"5740337.59"
"REGIÓN V CENTRAL";"CHIMALTENANGO";"SANTA CRUZ BALANYA";"3977698.19"
"REGIÓN V CENTRAL";"CHIMALTENANGO";"TECPAN GUATEMALA";"18332546.48"
"REGIÓN V CENTRAL";"CHIMALTENANGO";"YEPOCAPA";"8483018.23"
"REGIÓN V CENTRAL";"CHIMALTENANGO";"ZARAGOZA";"6413651.91"
"REGIÓN V CENTRAL";"ESCUINTLA";"ESCUINTLA";"61722359.13"
"REGIÓN V CENTRAL";"ESCUINTLA";"GUANAGAZAPA";"6619188.18"
"REGIÓN V CENTRAL";"ESCUINTLA";"IZTAPA";"11601607.94"
"REGIÓN V CENTRAL";"ESCUINTLA";"LA DEMOCRACIA";"8744784.71"
"REGIÓN V CENTRAL";"ESCUINTLA";"LA GOMERA";"13775745.67"
"REGIÓN V CENTRAL";"ESCUINTLA";"MASAGUA";"12804754.66"
"REGIÓN V CENTRAL";"ESCUINTLA";"MULTIMUNICIPAL";"26373857.18"
"REGIÓN V CENTRAL";"ESCUINTLA";"NUEVA CONCEPCION";"16741806.19"
"REGIÓN V CENTRAL";"ESCUINTLA";"PALIN";"10853391.2"
"REGIÓN V CENTRAL";"ESCUINTLA";"SAN JOSE";"30885183.58"
"REGIÓN V CENTRAL";"ESCUINTLA";"SAN VICENTE PACAYA";"9193904.54"
"REGIÓN V CENTRAL";"ESCUINTLA";"SANTA LUCIA COTZUMALGUAPA";"21629227.63"
"REGIÓN V CENTRAL";"ESCUINTLA";"SIPACATE";"2778534.21"
"REGIÓN V CENTRAL";"ESCUINTLA";"SIQUINALA";"9650197.88"
"REGIÓN V CENTRAL";"ESCUINTLA";"TIQUISATE";"14714323.24"
"REGIÓN VI SUROCCIDENTE";"MULTIDEPARTAMENTAL REGION VI";"MULTIDEPARTAMENTAL REGION VI";"16116228.32"
"REGIÓN VI SUROCCIDENTE";"SOLOLA";"CONCEPCION";"3729186.8"
"REGIÓN VI SUROCCIDENTE";"SOLOLA";"MULTIMUNICIPAL";"15486272.97"
"REGIÓN VI SUROCCIDENTE";"SOLOLA";"NAHUALA";"19690402.61"
"REGIÓN VI SUROCCIDENTE";"SOLOLA";"PANAJACHEL";"9396155.71"
"REGIÓN VI SUROCCIDENTE";"SOLOLA";"SAN ANDRES SEMETABAJ";"5358637.5"
"REGIÓN VI SUROCCIDENTE";"SOLOLA";"SAN ANTONIO PALOPO";"5314277.51"
"REGIÓN VI SUROCCIDENTE";"SOLOLA";"SAN JOSE CHACAYA";"3344441.96"
"REGIÓN VI SUROCCIDENTE";"SOLOLA";"SAN JUAN LA LAGUNA";"5474137.63"
"REGIÓN VI SUROCCIDENTE";"SOLOLA";"SAN LUCAS TOLIMAN";"8429609.49"
"REGIÓN VI SUROCCIDENTE";"SOLOLA";"SAN MARCOS LA LAGUNA";"3471078.61"
"REGIÓN VI SUROCCIDENTE";"SOLOLA";"SAN PABLO LA LAGUNA";"4621651.43"
"REGIÓN VI SUROCCIDENTE";"SOLOLA";"SAN PEDRO LA LAGUNA";"5861480.34"
"REGIÓN VI SUROCCIDENTE";"SOLOLA";"SANTA CATARINA IXTAHUACAN";"15478066.22"
"REGIÓN VI SUROCCIDENTE";"SOLOLA";"SANTA CATARINA PALOPO";"4429477.21"
"REGIÓN VI SUROCCIDENTE";"SOLOLA";"SANTA CLARA LA LAGUNA";"5660429.08"
"REGIÓN VI SUROCCIDENTE";"SOLOLA";"SANTA CRUZ LA LAGUNA";"4513911.07"
"REGIÓN VI SUROCCIDENTE";"SOLOLA";"SANTA LUCIA UTATLAN";"12039180.61"
"REGIÓN VI SUROCCIDENTE";"SOLOLA";"SANTA MARIA VISITACION";"3834314.97"
"REGIÓN VI SUROCCIDENTE";"SOLOLA";"SANTIAGO ATITLAN";"10852430.92"
"REGIÓN VI SUROCCIDENTE";"SOLOLA";"SOLOLA";"40317738.15"
"REGIÓN VI SUROCCIDENTE";"TOTONICAPAN";"MOMOSTENANGO";"26786480.82"
"REGIÓN VI SUROCCIDENTE";"TOTONICAPAN";"MULTIMUNICIPAL";"11840301.05"
"REGIÓN VI SUROCCIDENTE";"TOTONICAPAN";"SAN ANDRES XECUL";"8054010.26"
"REGIÓN VI SUROCCIDENTE";"TOTONICAPAN";"SAN BARTOLO AGUAS CALIENTES";"5963008.46"
"REGIÓN VI SUROCCIDENTE";"TOTONICAPAN";"SAN CRISTOBAL TOTONICAPAN";"10372216.86"
"REGIÓN VI SUROCCIDENTE";"TOTONICAPAN";"SAN FRANCISCO EL ALTO";"14162245.99"
"REGIÓN VI SUROCCIDENTE";"TOTONICAPAN";"SANTA LUCIA LA REFORMA";"5521106.03"
"REGIÓN VI SUROCCIDENTE";"TOTONICAPAN";"SANTA MARIA CHIQUIMULA";"12382273.05"
"REGIÓN VI SUROCCIDENTE";"TOTONICAPAN";"TOTONICAPAN";"40265214.91"
"REGIÓN VI SUROCCIDENTE";"QUETZALTENANGO";"ALMOLONGA";"5078497.41"
"REGIÓN VI SUROCCIDENTE";"QUETZALTENANGO";"CABRICAN";"9626726.87"
"REGIÓN VI SUROCCIDENTE";"QUETZALTENANGO";"CAJOLA";"6082420.33"
"REGIÓN VI SUROCCIDENTE";"QUETZALTENANGO";"CANTEL";"11576783.63"
"REGIÓN VI SUROCCIDENTE";"QUETZALTENANGO";"COATEPEQUE";"35115248.54"
"REGIÓN VI SUROCCIDENTE";"QUETZALTENANGO";"COLOMBA";"11466239.29"
"REGIÓN VI SUROCCIDENTE";"QUETZALTENANGO";"CONCEPCION CHIQUIRICHAPA";"7031885.79"
"REGIÓN VI SUROCCIDENTE";"QUETZALTENANGO";"EL PALMAR";"8517271.22"
"REGIÓN VI SUROCCIDENTE";"QUETZALTENANGO";"FLORES COSTA CUCA";"7349914.76"
"REGIÓN VI SUROCCIDENTE";"QUETZALTENANGO";"GENOVA";"11204642.72"
"REGIÓN VI SUROCCIDENTE";"QUETZALTENANGO";"HUITAN";"5447727.57"
"REGIÓN VI SUROCCIDENTE";"QUETZALTENANGO";"LA ESPERANZA";"6646082.48"
"REGIÓN VI SUROCCIDENTE";"QUETZALTENANGO";"MULTIMUNICIPAL";"56478712.65"
"REGIÓN VI SUROCCIDENTE";"QUETZALTENANGO";"OLINTEPEQUE";"7761837.85"
"REGIÓN VI SUROCCIDENTE";"QUETZALTENANGO";"PALESTINA DE LOS ALTOS";"7697364.15"
"REGIÓN VI SUROCCIDENTE";"QUETZALTENANGO";"QUETZALTENANGO";"75050120.44"
"REGIÓN VI SUROCCIDENTE";"QUETZALTENANGO";"SALCAJA";"10918780.87"
"REGIÓN VI SUROCCIDENTE";"QUETZALTENANGO";"SAN CARLOS SIJA";"10731854.83"
"REGIÓN VI SUROCCIDENTE";"QUETZALTENANGO";"SAN FRANCISCO LA UNION";"4155955.04"
"REGIÓN VI SUROCCIDENTE";"QUETZALTENANGO";"SAN JUAN OSTUNCALCO";"13935205.85"
"REGIÓN VI SUROCCIDENTE";"QUETZALTENANGO";"SAN MARTIN SACATEPEQUEZ";"9186327.34"
"REGIÓN VI SUROCCIDENTE";"QUETZALTENANGO";"SAN MATEO";"3869379.2"
"REGIÓN VI SUROCCIDENTE";"QUETZALTENANGO";"SAN MIGUEL SIGUILA";"4079265.3"
"REGIÓN VI SUROCCIDENTE";"QUETZALTENANGO";"SIBILIA";"5164736.7"
"REGIÓN VI SUROCCIDENTE";"QUETZALTENANGO";"ZUNIL";"5369748.81"
"REGIÓN VI SUROCCIDENTE";"SUCHITEPEQUEZ";"CHICACAO";"14133727.98"
"REGIÓN VI SUROCCIDENTE";"SUCHITEPEQUEZ";"CUYOTENANGO";"13301495.09"
"REGIÓN VI SUROCCIDENTE";"SUCHITEPEQUEZ";"MAZATENANGO";"37384276.07"
"REGIÓN VI SUROCCIDENTE";"SUCHITEPEQUEZ";"MULTIMUNICIPAL";"26436721.93"
"REGIÓN VI SUROCCIDENTE";"SUCHITEPEQUEZ";"PATULUL";"9145115.21"
"REGIÓN VI SUROCCIDENTE";"SUCHITEPEQUEZ";"PUEBLO NUEVO";"5176838.83"
"REGIÓN VI SUROCCIDENTE";"SUCHITEPEQUEZ";"RIO BRAVO";"7404298.91"
"REGIÓN VI SUROCCIDENTE";"SUCHITEPEQUEZ";"SAMAYAC";"7369496.07"
"REGIÓN VI SUROCCIDENTE";"SUCHITEPEQUEZ";"SAN ANTONIO SUCHITEPEQUEZ";"13737438.67"
"REGIÓN VI SUROCCIDENTE";"SUCHITEPEQUEZ";"SAN BERNARDINO";"5708961.05"
"REGIÓN VI SUROCCIDENTE";"SUCHITEPEQUEZ";"SAN FRANCISCO ZAPOTITLAN";"6699542.08"
"REGIÓN VI SUROCCIDENTE";"SUCHITEPEQUEZ";"SAN GABRIEL";"3581917.13"
"REGIÓN VI SUROCCIDENTE";"SUCHITEPEQUEZ";"SAN JOSE EL IDOLO";"5153395.67"
"REGIÓN VI SUROCCIDENTE";"SUCHITEPEQUEZ";"SAN JOSÉ LA MÁQUINA";"6576375.17"
"REGIÓN VI SUROCCIDENTE";"SUCHITEPEQUEZ";"SAN JUAN BAUTISTA";"3465600.74"
"REGIÓN VI SUROCCIDENTE";"SUCHITEPEQUEZ";"SAN LORENZO";"5180020.23"
"REGIÓN VI SUROCCIDENTE";"SUCHITEPEQUEZ";"SAN MIGUEL PANAN";"4028248.27"
"REGIÓN VI SUROCCIDENTE";"SUCHITEPEQUEZ";"SAN PABLO JOCOPILAS";"7569647.12"
"REGIÓN VI SUROCCIDENTE";"SUCHITEPEQUEZ";"SANTA BARBARA";"6576229.42"
"REGIÓN VI SUROCCIDENTE";"SUCHITEPEQUEZ";"SANTO DOMINGO SUCHITEPEQUEZ";"10777591.18"
"REGIÓN VI SUROCCIDENTE";"SUCHITEPEQUEZ";"SANTO TOMAS LA UNION";"6428039.45"
"REGIÓN VI SUROCCIDENTE";"SUCHITEPEQUEZ";"ZUNILITO";"6848838.81"
"REGIÓN VI SUROCCIDENTE";"RETALHULEU";"CHAMPERICO";"11167957.4"
"REGIÓN VI SUROCCIDENTE";"RETALHULEU";"EL ASINTAL";"12535869.56"
"REGIÓN VI SUROCCIDENTE";"RETALHULEU";"MULTIMUNICIPAL";"17220143.54"
"REGIÓN VI SUROCCIDENTE";"RETALHULEU";"NUEVO SAN CARLOS";"11070948.07"
"REGIÓN VI SUROCCIDENTE";"RETALHULEU";"RETALHULEU";"52447286.28"
"REGIÓN VI SUROCCIDENTE";"RETALHULEU";"SAN ANDRES VILLA SECA";"12131913.36"
"REGIÓN VI SUROCCIDENTE";"RETALHULEU";"SAN FELIPE";"7683115.34"
"REGIÓN VI SUROCCIDENTE";"RETALHULEU";"SAN MARTIN ZAPOTITLAN";"5098460.85"
"REGIÓN VI SUROCCIDENTE";"RETALHULEU";"SAN SEBASTIAN";"8075246.59"
"REGIÓN VI SUROCCIDENTE";"RETALHULEU";"SANTA CRUZ MULUA";"5654288.32"
"REGIÓN VI SUROCCIDENTE";"SAN MARCOS";"AYUTLA";"12078669.89"
"REGIÓN VI SUROCCIDENTE";"SAN MARCOS";"CATARINA";"8775120.21"
"REGIÓN VI SUROCCIDENTE";"SAN MARCOS";"COMITANCILLO";"18854164.81"
"REGIÓN VI SUROCCIDENTE";"SAN MARCOS";"CONCEPCION TUTUAPA";"16929188.82"
"REGIÓN VI SUROCCIDENTE";"SAN MARCOS";"EL QUETZAL";"7110409.86"
"REGIÓN VI SUROCCIDENTE";"SAN MARCOS";"EL RODEO";"5995043.34"
"REGIÓN VI SUROCCIDENTE";"SAN MARCOS";"EL TUMBADOR";"10504701"
"REGIÓN VI SUROCCIDENTE";"SAN MARCOS";"ESQUIPULAS PALO GORDO";"4858952.04"
"REGIÓN VI SUROCCIDENTE";"SAN MARCOS";"IXCHIGUAN";"8658341.61"
"REGIÓN VI SUROCCIDENTE";"SAN MARCOS";"LA BLANCA";"5937244.89"
"REGIÓN VI SUROCCIDENTE";"SAN MARCOS";"LA REFORMA";"6261130.71"
"REGIÓN VI SUROCCIDENTE";"SAN MARCOS";"MALACATAN";"26540075.39"
"REGIÓN VI SUROCCIDENTE";"SAN MARCOS";"MULTIMUNICIPAL";"39328348.51"
"REGIÓN VI SUROCCIDENTE";"SAN MARCOS";"NUEVO PROGRESO";"9229071.33"
"REGIÓN VI SUROCCIDENTE";"SAN MARCOS";"OCOS";"4823317.99"
"REGIÓN VI SUROCCIDENTE";"SAN MARCOS";"PAJAPITA";"7463389.86"
"REGIÓN VI SUROCCIDENTE";"SAN MARCOS";"RIO BLANCO";"4311401.45"
"REGIÓN VI SUROCCIDENTE";"SAN MARCOS";"SAN  PEDRO SACATEPEQUEZ";"23796840.52"
"REGIÓN VI SUROCCIDENTE";"SAN MARCOS";"SAN ANTONIO SACATEPEQUEZ";"6574699.92"
"REGIÓN VI SUROCCIDENTE";"SAN MARCOS";"SAN CRISTOBAL CUCHO";"6329058.47"
"REGIÓN VI SUROCCIDENTE";"SAN MARCOS";"SAN JOSE OJETENAM";"7355681.65"
"REGIÓN VI SUROCCIDENTE";"SAN MARCOS";"SAN LORENZO";"6042367.09"
"REGIÓN VI SUROCCIDENTE";"SAN MARCOS";"SAN MARCOS";"52189233.44"
"REGIÓN VI SUROCCIDENTE";"SAN MARCOS";"SAN MIGUEL IXTAHUACAN";"12950464.99"
"REGIÓN VI SUROCCIDENTE";"SAN MARCOS";"SAN PABLO";"12748266.96"
"REGIÓN VI SUROCCIDENTE";"SAN MARCOS";"SAN RAFAEL PIE DE LA CUESTA";"7024772.07"
"REGIÓN VI SUROCCIDENTE";"SAN MARCOS";"SIBINAL";"6365255.26"
"REGIÓN VI SUROCCIDENTE";"SAN MARCOS";"SIPACAPA";"7355884.75"
"REGIÓN VI SUROCCIDENTE";"SAN MARCOS";"TACANA";"20326586.79"
"REGIÓN VI SUROCCIDENTE";"SAN MARCOS";"TAJUMULCO";"14788350.34"
"REGIÓN VI SUROCCIDENTE";"SAN MARCOS";"TEJUTLA";"11738821.72"
"REGIÓN VII NOROCCIDENTE";"QUICHE";"CANILLA";"5255567.88"
"REGIÓN VII NOROCCIDENTE";"QUICHE";"CHAJUL";"14141035.11"
"REGIÓN VII NOROCCIDENTE";"QUICHE";"CHICAMAN";"10501139.62"
"REGIÓN VII NOROCCIDENTE";"QUICHE";"CHICHE";"8495527.05"
"REGIÓN VII NOROCCIDENTE";"QUICHE";"CHICHICASTENANGO";"30899921.8"
"REGIÓN VII NOROCCIDENTE";"QUICHE";"CHINIQUE";"5815383.62"
"REGIÓN VII NOROCCIDENTE";"QUICHE";"CUNEN";"12451211.93"
"REGIÓN VII NOROCCIDENTE";"QUICHE";"IXCAN";"35761863.89"
"REGIÓN VII NOROCCIDENTE";"QUICHE";"JOYABAJ";"22067207.32"
"REGIÓN VII NOROCCIDENTE";"QUICHE";"MULTIMUNICIPAL";"31609139.86"
"REGIÓN VII NOROCCIDENTE";"QUICHE";"NEBAJ";"25963896.3"
"REGIÓN VII NOROCCIDENTE";"QUICHE";"PACHALUM";"6329714.26"
"REGIÓN VII NOROCCIDENTE";"QUICHE";"PATZITE";"3637471.38"
"REGIÓN VII NOROCCIDENTE";"QUICHE";"SACAPULAS";"14553973.97"
"REGIÓN VII NOROCCIDENTE";"QUICHE";"SAN ANDRES SAJCABAJA";"9169364.79"
"REGIÓN VII NOROCCIDENTE";"QUICHE";"SAN ANTONIO ILOTENANGO";"8711445.96"
"REGIÓN VII NOROCCIDENTE";"QUICHE";"SAN BARTOLOME JOCOTENANGO";"4955722.15"
"REGIÓN VII NOROCCIDENTE";"QUICHE";"SAN JUAN COTZAL";"10218034.19"
"REGIÓN VII NOROCCIDENTE";"QUICHE";"SAN PEDRO JOCOPILAS";"9168243.89"
"REGIÓN VII NOROCCIDENTE";"QUICHE";"SANTA CRUZ DEL QUICHE";"46207164.08"
"REGIÓN VII NOROCCIDENTE";"QUICHE";"USPANTAN";"19693804.77"
"REGIÓN VII NOROCCIDENTE";"QUICHE";"ZACUALPA";"8505867.58"
"REGIÓN VII NOROCCIDENTE";"HUEHUETENANGO";"AGUACATAN";"12720336.61"
"REGIÓN VII NOROCCIDENTE";"HUEHUETENANGO";"BARILLAS";"24791198.9"
"REGIÓN VII NOROCCIDENTE";"HUEHUETENANGO";"CHIANTLA";"22389331.96"
"REGIÓN VII NOROCCIDENTE";"HUEHUETENANGO";"COLOTENANGO";"9076716.1"
"REGIÓN VII NOROCCIDENTE";"HUEHUETENANGO";"CONCEPCION HUISTA";"6457210.52"
"REGIÓN VII NOROCCIDENTE";"HUEHUETENANGO";"CUILCO";"13843027.96"
"REGIÓN VII NOROCCIDENTE";"HUEHUETENANGO";"HUEHUETENANGO";"63585345.36"
"REGIÓN VII NOROCCIDENTE";"HUEHUETENANGO";"JACALTENANGO";"12124340.56"
"REGIÓN VII NOROCCIDENTE";"HUEHUETENANGO";"LA DEMOCRACIA";"13687979.47"
"REGIÓN VII NOROCCIDENTE";"HUEHUETENANGO";"LA LIBERTAD";"8293000.72"
"REGIÓN VII NOROCCIDENTE";"HUEHUETENANGO";"MALACATANCITO";"6604028.93"
"REGIÓN VII NOROCCIDENTE";"HUEHUETENANGO";"MULTIMUNICIPAL";"40883075.92"
"REGIÓN VII NOROCCIDENTE";"HUEHUETENANGO";"NENTON";"10239763.91"
"REGIÓN VII NOROCCIDENTE";"HUEHUETENANGO";"PETATAN";"2276755.35"
"REGIÓN VII NOROCCIDENTE";"HUEHUETENANGO";"SAN ANTONIO HUISTA";"5409363.76"
"REGIÓN VII NOROCCIDENTE";"HUEHUETENANGO";"SAN GASPAR IXCHIL";"3701871.57"
"REGIÓN VII NOROCCIDENTE";"HUEHUETENANGO";"SAN ILDEFONSO IXTAHUACAN";"10422752.74"
"REGIÓN VII NOROCCIDENTE";"HUEHUETENANGO";"SAN JUAN ATITAN";"5021005.17"
"REGIÓN VII NOROCCIDENTE";"HUEHUETENANGO";"SAN JUAN IXCOY";"6348315.31"
"REGIÓN VII NOROCCIDENTE";"HUEHUETENANGO";"SAN MATEO IXTATAN";"10147475.01"
"REGIÓN VII NOROCCIDENTE";"HUEHUETENANGO";"SAN MIGUEL ACATAN";"7551944.56"
"REGIÓN VII NOROCCIDENTE";"HUEHUETENANGO";"SAN PEDRO NECTA";"10817215.34"
"REGIÓN VII NOROCCIDENTE";"HUEHUETENANGO";"SAN RAFAEL LA INDEPENDENCIA";"5180040.14"
"REGIÓN VII NOROCCIDENTE";"HUEHUETENANGO";"SAN RAFAEL PETZAL";"4391191.28"
"REGIÓN VII NOROCCIDENTE";"HUEHUETENANGO";"SAN SEBASTIAN COATAN";"6523396.62"
"REGIÓN VII NOROCCIDENTE";"HUEHUETENANGO";"SAN SEBASTIAN HUEHUETENANGO";"8044852.84"
"REGIÓN VII NOROCCIDENTE";"HUEHUETENANGO";"SANTA ANA HUISTA";"4472530.54"
"REGIÓN VII NOROCCIDENTE";"HUEHUETENANGO";"SANTA BARBARA";"7594624.14"
"REGIÓN VII NOROCCIDENTE";"HUEHUETENANGO";"SANTA EULALIA";"10474582.99"
"REGIÓN VII NOROCCIDENTE";"HUEHUETENANGO";"SANTIAGO CHIMALTENANGO";"3921333.87"
"REGIÓN VII NOROCCIDENTE";"HUEHUETENANGO";"SOLOMA";"10134716.09"
"REGIÓN VII NOROCCIDENTE";"HUEHUETENANGO";"TECTITAN";"4579222.54"
"REGIÓN VII NOROCCIDENTE";"HUEHUETENANGO";"TODOS SANTOS CUCHUMATAN";"8031353.17"
"REGIÓN VII NOROCCIDENTE";"HUEHUETENANGO";"UNION CANTINIL";"5167252.26"
"REGIÓN VIII PETEN";"PETEN";"DOLORES";"11544429.91"
"REGIÓN VIII PETEN";"PETEN";"EL CHAL";"4868211.04"
"REGIÓN VIII PETEN";"PETEN";"FLORES";"52440073.51"
"REGIÓN VIII PETEN";"PETEN";"LA LIBERTAD";"22066012.63"
"REGIÓN VIII PETEN";"PETEN";"LAS CRUCES";"11786683.63"
"REGIÓN VIII PETEN";"PETEN";"MELCHOR DE MENCOS";"12355270.63"
"REGIÓN VIII PETEN";"PETEN";"MULTIMUNICIPAL";"25846073.86"
"REGIÓN VIII PETEN";"PETEN";"POPTUN";"29379296.87"
"REGIÓN VIII PETEN";"PETEN";"SAN ANDRES";"11915511.42"
"REGIÓN VIII PETEN";"PETEN";"SAN BENITO";"22125435.89"
"REGIÓN VIII PETEN";"PETEN";"SAN FRANCISCO";"7200148.38"
"REGIÓN VIII PETEN";"PETEN";"SAN JOSE";"4517456.9"
"REGIÓN VIII PETEN";"PETEN";"SAN LUIS";"23578426.1"
"REGIÓN VIII PETEN";"PETEN";"SANTA ANA";"8965397.45"
"REGIÓN VIII PETEN";"PETEN";"SAYAXCHE";"27027152.83"
"MULTIREGIÓNAL";"MULTIREGIONAL";"MULTIREGIONAL";"1087254644.76"
"SERVICIOS EN EL EXTERIOR";"SERVICIOS EN EL EXTERIOR";"SERVICIOS EN EL EXTERIOR";"36307823.52"
"DEUDA PÚBLICA";"SERVICIOS DE LA DEUDA PUBLICA";"SERVICIOS DE LA DEUDA PUBLICA";"1307528996.96"
